{"cameraMode":{"drawMode":0,"name":"Shaded","section":"Shading Mode"},"sceneLighting":true,"audioPlay":false,"sceneViewState":{"showFog":true,"showMaterialUpdate":false,"showSkybox":true,"showFlares":true,"showImageEffects":true,"showParticleSystems":true},"in2DMode":false,"pivot":{"x":-40.674171447753909,"y":-29.090213775634767,"z":-23.043224334716798},"rotation":{"x":-0.08080318570137024,"y":0.9153409004211426,"z":-0.2315908819437027,"w":-0.3193669319152832},"size":40.86051559448242,"orthographic":false}